English,True_Hinglish,Predicted_Hinglish
Message my uncle and tell him to meet me at the car show,mere uncle ko message karo aur bolo ki mujhse car show par milen,mere uncle ko message karo aur use bolo ki car show me milne ke liye
Get me an alarm for tomorrow morning at 9 .,Mujhe kal subha 9 baje ke liye ek alarm den .,mujhe kal subha 9 baje ke liye alarm de
How warm is it for Paris tomorrow morning degree Fahrenheit,Paris ke liye kal subha Fahrenheit me kitna garm hone wala hai,Kal subha Paris ke liye kitna garm hone wala hai degree Fahrenheit me
Send an email to Eric to tell him that we will be visiting the Grand Canyon this August and we would love to see him and his family .,Eric ko email send kare to tell him that we will be visiting the Grand Canyon this August and we would love to see him and his family .,Eric ko email bhejo ki hum Grand Canyon dekhne wale hai aur use uske family ko dekhne ke liye yaad dilaye
Please read me all shopping list reminders,Please mere sabhi shopping list reminders ko padhen,Please mere saare shopping list reminders padhen
How long will it take me to granny ' s house if I leave at 9 this morning ?,agar mai is subha 9 baje nikal jaoon to mujhe granny ke ghar pahunchne me kitna samay lagega ?,agar mai subah 9 bajhe nikalta hoon toh mujhe Granny ke ghar pahunchne me kitna samay lagega ?
Set an alarm for tomorrow morning at 8 : 00 am using my Spotify playlist .,kal subha 8 am ka alarm set kare .,mere Spotify playlist ka istemaal karke kal subha 8 : 00 am ke liye alarm set karen .
"Traffic report , work to home",work se home tak traffic report,"ghar ke liye traffic report , work"
Wake me at 7 am on Thursday .,mujhe thursday subah 7 baje ko uthane ke liye yaad dilaayen .,mujhe Thursday subah 7 bajhe uthane ke liye yaad dilaye
Play Rihanna,Rihanna ko play kare,Rihanna ko bajao
Remind me to pick up burger buns when grocery shop on Thursday night .,Mujhe Thursday raat ko grocery shop par burger buns lene ke liye yaad dilaayen .,Mujhe Thursday raat grocery shop ke baad grocery shop ke liye yaad dilaayen .
whats the high for tomorrow,kal ke liye high kya hai,kal ke liye high kya hai
Will it rain on Wednesday ?,kya wednesday ko baarish hogi ?,kya Wednesday ko baarish hogi ?
How hot is it out right now ?,Abhi baahar kitni garmi hai ?,abhi kitni garmi hai ?
"Directions to the Beaumont library , please .","please , Beaumont library ke liye directions .",please Beaumont library ke liye directions .
when is the pensacola fair,pensacola fair kab hai,pensacola fair kab hai
Remind me to tomorrow at 2 PM to look for Fed Ex,mujhe kal dopahar 2 bajhe Fed Ex ke liye dekhne ke liye yaad dilaye,mujhe kal dopahar 2 bajhe Fed Ex ke liye look karne ke liye yaad dilaye
How long will it take to IKEA from my location ?,mere location se IKEA tak pahunchne me kitna samay lagega ?,mere location se IKEA tak kitni der lagegi ?
please launch chats now,Please chats ko abhi launch kare,please abhi chats launch kare
Looking for more suggestions of places like that Grounds for Sculpture place in Trenton,Trenton me Grounds for Sculpture place ke liye aur suggestions ko khoj rahe hai,Trenton me Sculpture place ke liye aur suggestions kaise hai
"What is the extended forecast for Miami , FL ?","Miami , FL ka extended forecast kya hai ?","Miami , FL ka extended forecast kya hai ?"
remind me to play the song the couple requested before the nights over .,Mujhe raat ke baad couple ko jo song chahiye usey play karne ke liye yaad dilaye,mujhe raat se pehle couple requested song bajao
Set a 1 / 2 hour alarm,1 / 2 hour ka alarm set kare,1 / 2 hour ka alarm set kare
turn on music,music ko on karo,music ko shuru karen
"set alarm for 9 , 9 : 15 , and 9 : 30 pm tonight","9 : 15 , 9 : 15 , aur aaj raat 9 : 30 pm ke liye alarm set karen","9 , 9 : 15 , aur 9 : 30 pm ke liye alarm set karen"
Remind me to buy a new backpack .,mujhe ek naya backpack khareedne ke liye yaad dilaayen .,mujhe naya backpack khareedne ke liye yaad dilaye
Do I have any reminders set for next week ?,Kya mere paas agle hafte ke liye koi reminders set hai ?,kya mere paas agle hafte ke liye koi reminders set hai ?
Cancel my alarm please,please mere alarm ko cancel kardo,please mere alarm ko cancel kardo
take me to my chat requests now,mujhe abhi mere chat requests par lejaane do,mujhe abhi mere chat requests tak pahuchne ke liye yaad dilaye
most recent weather report for half moon bay,half moon bay ke liye most recent weather report,half moon bay ke liye most recent weather report
Show me the 10 day forecast,mujhe 10 din ka forecast bataye,mujhe 10 din ka forecast bataiye
Remind me to grade the assignments tomorrow afternoon .,Mujhe kal dopahar assignments ko grade karne ke liye yaad dilaye,mujhe kal dopahar assignments ko grade karne ke liye yaad dilaye
tell me what its like outside,mujhe bataiye baahar kaisa hai,mujhe batao ki baahar kaisa hai
delete me daily gym reminder,mere daily gym reminder ko delete karo,mujhe daily gym reminder ko delete kare
what is the weather this week,Is week ka weather kya hai,is haftey mausam kaisa hai
please set my alarm for 7 am,please subah 7 bajhe ke liye mera alarm set karen,please 7 am ke liye mera alarm set karen
what ' s up in downtown Kissimmee,downtown Kissimme me kya horaha hai,downtown Kissimme me kya hai
Set alarm for 7 pm tonight,aj raat 7 bajhe ke liye alarm set kare,Aaj raat 7 pm ke liye alarm set kare
is traffic heavy in LA right now,Kya abhi LA me traffic bhaari hai,kya abhi LA me traffic heavy he
What is the humidity right now ?,abhi ki humidity kya hai ?,abhi humidity kya hai ?
Do I need to bring an extra sweater on my bike ride later this evening ?,kya aaj shaam baad mujhe apne bike ride par extra sweater lane ki zarurat hai ?,Kya muje is shaam ke baad mere bike ride par extra sweater lane ki zarurat he ?
Remind me to take Max to the vet next Monday afternoon .,Mujhe agle Monday afternoon Max ko vet me le jane ke liye yaad dilaye,mujhe agle Monday dopahar Max ko vet me lene ke liye yaad dilaye
Can i make it from the lakers game to the chargers game in an hour,kya mai ek ghante me the lakers game se the chargers game tak pahunch sakta hoon,kya mai ek ghante me lakers game se chargers game tak pahunch sakta hoon
add 12 more minutes to current timer,current timer me aur 12 minutes ko add kare,current timer me aur 12 minutes add kare
"Message Rhonda , to see if I left my wallet at her house .",Rhonda ko message karo aur dekho ke mai meri wallet uske ghar mein bhulgaya hoon .,Rhonda ko message karo aur dekho ke liye ki mai uske ghar par uske ghar par bacha hoon
Set alarm for 2 hours .,do ghante ke liye alarm set kardo,2 hours ke liye alarm set kare
Will it hail today,kya aaj ole girne wale hai,kya aj ole girne wale hai
Any food festival happening this weekend,kya is weekend koi food festival hone wala hai,Is weekend koi food festival hone wale hai
Are there any wrecks on my drive today,kya aj meri drive par koi wrecks hai,kya aj mere drive par koi wrecks hai
Text mom pick up my package please .,mom ko text karo ke pick up my package please .,mom ko text karo ki pick up my package please
play the top rap hits of the 1990s,1990s ke top rap hits play kare,1990s ke top rap hits bajao
Is there anything fun to do tomorrow,kya kal kuch mazedaar karne ke liye hai,kya kal karne ke liye chize mazedaar chizein hai
Message Lillian that i ' ll be 15 minutes late .,Lillian ko message kare ki mai 15 minutes der se pahuchunga .,Lillian ko message karo ki mai 15 minutes late hojaungi .
will it be hot tomorrow,kya kal garmi hogi,kya kal garmi hone wali hai
Set alarm in 6 hours,6 ghante me alarm set kardo,6 ghante me alarm set kare
Please cancel alarm please,please alarm ko cancel kardo,please alarm ko cancel kardo
Change my alarms from 12 pm to 1 pm for next 2 weekends,agley 2 weekends ke liye mere alarms ko 12 pm se 1 pm tak badlein,mere alarms ko 12 pm se 1 pm tak badle
What ' s happening today,Aaj kya ho raha he,Aaj kya ho raha he
Set alarm for tomorrow at 3 pm,kal 3 pm ke liye alarm set kare,kal dopaher 3 baje ke liye alarm set kare
set the timer for 60 minutes and 65 minutes,60 minutes aur 65 minutes ke liye timer set karen,60 minutes aur 65 minutes ke liye timer set karen
Play Dangerously in Love,Dangerously in Love bajao,Love me Dangerously bajao
Reset all alarms for today,aj ke liye sabhi alarms ko reset karo,aaj ke liye sabhi alarms reset kare
wake me up at 730 am,mujhe 730 am ko uthane ke liye bolo,mujhe subah 6 baje utne ke liye
repeat this song,is gaaney ko repeat kare,is gaaney ko repeat kare
I want to listen to Bon Jovi,Me Bon Jovi ko sunna chahta hu,Mai Bon Jovi ko sunna chahta hoon
Change my alarm from 7 am to 6 . 45am,mere alarm ko subha 7 baje se subha 6 . 45 baje me badal do,mere alarm ko 7 am se 6 . 45 am tak badle
Start a voice recording for Justine,Justine ke liye ek voice recording shuru karen,Justine ke liye voice recording shuru kare
Wine festivals near me next month,agle mahine mere aas pas wine festivals,agle mahine mere aas paas ke Wine festivals
Message my aunt and tell her that I ' ll bring a pie to her BET viewing party,mere ma ko message karo aur use bolo ki mai use BET viewing party me pie laana,meri ma ko message karo aur use bolo ki mai BET viewing party me pie launga
Delete my 2 pm alarm,mere dopahar 2 baje ke alarm ko delete kare,mere 2 pm ke alarm ko delete kare
Download latest Adele Album,Adele ka latest Album download kare,Adele Album ko download kare
set weekly alarm for 7 am,subha 7 baje ke liye weekly alarm set karen,7 am ke liye weekly alarm set kare
How is the weather in Paris ?,Paris me mausam kaisa hai ?,Paris me mausam kaisa hai ?
Change my timer from 30 seconds to two minutes,Mere timer ko 30 seconds se badal kar do minutes me badle,mere timer ko 30 seconds se do minutes me badle
"if i have to be in office at 8AM , when should i leave home","agar mujhe 8 am ko office me rehne ki zaroorat hai , toh mujhe ghar se kab nikalna chahiye",agar mujhe 8AM ko office me jaane ke liye yaad dilaye
Remove all alarms on Friday 23rd,Friday ko 23rd par sabhi alarms hata do,Friday 23rd ko sabhi alarms hata do
If I leave now can I make it to Austin before it gets dark ?,agar mai abhi nikalta hoon toh kya mai raat kab tak Austin pahuch jaunga,agar mai abhi nikalta hoon toh kya mai uske dark se pehle pahuch jaunga ?
set a alarm for Monday 8 am,Monday subha 8 baje ke liye ek alarm set karen,Monday subah 8 bajhe ke liye alarm set kare
What is tonight ' s weather ?,aaj raat ka mousam kaisa hai ?,Aaj raat ka weather kya hai ?
How is the traffic from downtown Norfolk to Virginia Beach,downtown Norfolk se Virginia Beach tak traffic kaisa hai,downtown Norfolk se Virginia Beach tak traffic kaisa hai
Tell me what is the forecast for CT South Africa,Muje bataiye ki CT South Africa ka forecast kya hai,Muje bataiye ki CT South Africa ke liye forecast kya hai
What ' s the traffic going from Tampa to St Petersburg,Tampa se St Petersburg jaate samay traffic kaisa hai,Tampa se St Petersburg tak traffic kaisa hai
Set up an alarm,alarm set kare,alarm set kare
how is the traffic on division this morning,Aaj subah division par traffic kaisa hai,Aaj subah division par traffic kaisa hai
set timer for every four hours,har four hours ke liye timer set kare,har chaar ghante ke liye timer set kare
at 3 pm is the traffic heavier,dopaher 3 baje traffic bhari hai,3 pm ko traffic acha hai
Will I got traffic on my way to California,Kya muje Calfornia ke raste me traffic milsakti he,kya mai California ke raste me traffic milsakti hoon
How long will it take me to get to La Cantera this morning,Aaj subha La Cantera pahuchne mei mujhe kitni der lagegi,Aaj subah mujhe La Cantera pahuchne mei kitni der lagegi
What is traffic like driving from Guthrie to Norman,Guthrie se Norman tak driving se traffic kaisa hai,Gathrie se Norman tak driving karte samay traffic kaisa hai
hey bot what will the weather be like today for me,hey bot aaj mere liye weather kesa rahega,Hey bot kaisa hoga
Set alarm for 6 pm today,Aaj 6 pm ke liye alarm lagaye,Aaj shaam 6 baje ke liye alarm set kare
are there any traffic spots on 77,kya 77 par koi traffic spots hai,kya 77 par koi traffic spots hai
Please read the traffic to me,Please mere liye traffic padhe,Please mere liye traffic ko padhen
Alarm snooze for 15 minutes,15 minutes ke liye alarm ko snooze kardo,15 minutes ke liye alarm ko snooze karen
Set an alarm for 15 minutes .,15 minutes ke liye alarm set kare,15 minutes ke liye alarm set kare
When is the reminder for flight to brazil,flight to brazil ka reminder kya hai,Brazil ke liye flight ka reminder kab he
Show road construction disrupting traffic,road construction disrupting traffic dikhao,road construction disrupting traffic bataye
Set a reminder for my husband ' s basketball games tomorrow night,Kal raat mere husband ke basketball games ke liye reminder set karen,kal raat mere pati ke basketball games ke liye reminder set kare
Set timer to 30 minutes .,timer ko 30 minutes ke liye set kare .,30 minutes ke liye timer set kare
Add 5 more minutes to the timer,timer me aur 5 minutes add karo,timer me aur 5 minutes add kare
Bike club meet ups in Portland for next weekend,agle weekend ke liye Portland me Bike club meet ups,agle weekend ke liye Portland me Bike club milne wale hai
Set the timer on the treadmill for 15 minutes .,treadmill par timer ko 15 minutes ke liye set kare,15 minutes ke liye treadmill par timer set karen .
Cancel all daily reminders about the kid ' s school during the week of Christmas .,Christmas ke din the kid ' s school ke baare me sabhi daily reminders cancel kardo,Christmas ke dinon ke liye kid ke school ke baare me sabhi daily reminders cancel kardo
Remind me to check the status of that shipment .,Mujhe wo shipment ka status check karne ke liye yaad dilaye,mujhe wo shipment ka status check karne ke liye yaad dilaye
Modify my medical alarm .,mere medical alarm ko modify kare,mere medical alarm ko modify kare
what time is the alarm to wake up set at,wake up alarm set at what time,wake up set karne ke liye alarm kitne baje set kiye hai
set up a monthly reminder to pay neflix,neflix ko pay karne ke liye ek monthly reminder set kare,neflix pay karne ke liye ek monthly reminder set karen
distance from California to Detroit,California se Detroit tak ki doori,California se Detroit tak ki doori
whats the low tonight,aaj raat low kya hai,Aaj raat low kya he
Erase all reminders to pay Visa card on 15th .,15th ko Visa card pay karne ke sabhi reminders ko erase kare,15th ko Visa card pay karne ke liye sabhi reminders mita den .
drop the timer that is running,jo timer chal raha hai usey band kardo,timer ko drop kare jo chal raha hai
delete tomorrow mornings 7 am alarm,kal ke 7 am ke alarm ko delete karo,kal subha 7 baje ka alarm delete kare
read me all text messages .,Mere sabhi text messages padho,mujhe sabhi text messages padhen
delete this reminder at 5 pm,5 pm ko is reminder ko delete karden,5 pm ko is reminder ko delete kare
Set a reminder for Cal ' s doctor appointment tomorrow at 9 am .,Kal subha 9 baje Cal ke doctor ki appointment ke liye reminder set karen .,Kal subah 9 bajhe Cal ke doctor appointment ke liye reminder set kare
Stop timer .,timer rokein,timer ko stop kare
Please make the reminder about the new module state that it must be up to client specs .,Please new module ke liye reminder ko set karen ki it must be up to client specs .,Please reminder banaye ki new module state ke baare me yaad dilaye
delete all alarm,sarey alarms delete karo,sabhi alarms delete kardo
Anything exciting going on,kya kuch exciting chal raha hai,kuch exciting hone wala hai
Skip to the next song .,agle song par jaaen .,agle song par jaaen .
can you re - set alarm for 10,kya aap 10 minute ke liye alarm ko re - set karsakte hai,kya aap 10 baje ke liye re - set alarm laga sakte hai
Tell me the weather forecast for today in Berlin after 12 pm,Muje Berlin me aaj ke liye weather forecast bataiye after 12 pm,Muje aaj 12 pm ke baad Berlin me weather forecast bataiye
Find artists similar to Kanye west,Kanye west ke jaise similar artists ko find kare,Kanye west ke jaise similar artists dhundo
The timer needs to be changed from two minutes to three,timer ko do minutes se badal kar three minutes me badal diya jaaye,timer ko do minutes se three minutes tak badalne ki zarurat hai
How hot will it be today in Sydney ?,Aaj Sydney me kitna hot hone wala he ?,Aaj Sydney me kitna hot hone wala he ?
what is news on weather,mausam par kya news hai,mausam ka news kya hai
Share best lap time,best lap time share kare,best lap time share karo
Text back to that last message reacting with Heart eyes,us last message ko Heart eyes ke sath text bheje,Heart eyes ke sath wo last message reacting kiya gaya tha
Change the alarm from 7 : 30 am to 8 : 00 am .,alarm ko 7 : 30 am se 8 : 00 am me badal do .,alarm ko 7 : 30 am se 8 : 00 am tak badle
Set a timer for 8 minutes and repeat again .,ek timer ko 8 minutes ke liye set kare aur fir dohrayen .,8 minutes ke liye timer set kare aur repeat kare
Anything happening at the Silver Legacy this weekend,is weekend the Silver Legacy me kuch hone wala hai,is weekend Silver Legacy me kuch hone wala hai
Let ' s hear Thursday ' s reminders .,aaie Thursday ke reminders sunen .,aaie Thursday ke reminders sun ne do .
what time should i leave on sunday morning to get to first baptist by nine am,mujhe sunday morning ko kitne bajhe nikalna chahiye nine am tak first baptist pahuchne ke liye,mujhe sunday subha 9 am tak pehle baptist pahuchne ke liye kitne baje niklane ke liye niklane ke liye niklega
What is the weather in Portugal ?,Portugal me mausam kaisa hai ?,Portugal me mausam kaisa hai ?
I ' d like to know if there are any icy roads on the I - 5 corridor right now,Mujhe janna hai ki abhi I - 5 corridor par koi barfeeley roads hai,mai janna chahta hu ki I - 5 corridor par koi icy roads hai
please set up a weekly reminder for my status meetings for work,please mere status meetings ke liye work ke liye ek weekly reminder set karen,please work ke liye mere status meetings ke liye weekly reminder set karen
traffic update for my work route please,Please mere work route ke liye traffic update kare,please mere work route ke liye traffic update karen
Last track of the album please,album ke last track ko delete kare please,album ka last track please
Alarm for Sunday 3 am,Sunday subah 3 bajhe ke liye alarm,Sunday 3 am ke liye alarm
Is it raining in Paris today ?,kya aaj Paris me baarish horahi hai ?,kya aaj Paris me baarish horahi hai ?
Create alarms at 5 o ' clock and seven o ' clock on Wednesday .,Wednesday ko 5 o ' clock aur seven o ' clock ko alarms create kare,Wednesday ko 5 o ' clock aur seven o ' clock ke liye alarms create kare
"message joann , who is suppose to work stand today ?","joann ko message karo ki , aaj work stand par kisne jana hai ?","joann ko message karo ki , who is suppose to work stand today ?"
text Andy on WhatsApp asking for the meeting time and date .,Andy ko WhatsApp par text karo aur meeting time and date puchne ke liye bolo .,Andy ko WhatsApp par WhatsApp par text karo aur pucho ki meeting time aur date ke liye .
Remind me to tell mom about our lunch on September 19th .,Muje September 19th ko mom ko lunch ke baare me batane ke liye remind karaye .,mujhe September 19th ko mom ko apne lunch ke baare me batane ke liye yaad dilaye
Will it rain at 3 pm ?,kya 3 pm ko barish hone wali hai ?,kya 3 pm ko baarish hogi ?
Show morning alarms,subha ke alarms dikhao,subha ke alarms dikhao
Show me my reminders for October .,October ke liye mujhe mere reminders dikhao .,mujhe October ke liye mere reminders dikhao .
Remind me to pay grandma tomorrow,mujhe kal grandma ko pay karne ke liye yaad dilaye,mujhe kal grandma pay karne ke liye yaad dilaye
Set timer for 20 minutes,20 minutes ke liye timer set karen,20 minutes ke liye timer set kare
Tell me if there have been any accidents on the 405 this morning .,mujhe batao agr aaj subah the 405 par koi accident hua hai toh,Muje bataiye ki aaj subah 405 par koi accident hua he .
shut off all alarms,saare alarms band karo,sabhi alarms band kardo
Show my morning alarms,mere subha ke alarms dikhao,mere subha ke alarms dikhao
Play the next song .,agla song bajao,agle song ko bajao .
Did I set my alarm ?,kya maine apna alarm set kiya hai ?,kya maine apna alarm set kiya tha ?
Set a timer for tuesday and friday for 6 : 00 Pm,tuesday aur friday ke liye 600 Pm ka timer set kare,tuesday aur friday ke liye timer set kare
Remind me about football practice on Tuesday at 5 p . m .,Mujhe Tuesday sham 5 bajhe football practice ke baare me yaad dilaayen .,Mujhe Tuesday 5 p . m ko football practice ke baare me yaad dilaayen .
Please check the weather in the city of Prague .,Please city of Prague ka mausam check kare .,Please city of Prague ka weather check kare .
Get me the weather forecast for Donegal .,mujhe Donegal ka weather forecast do .,mujhe Donegal ke liye weather forecast batao
Play Cheryl ' s playlist,Cheryl ki playlist bajao,Cheryl ke playlist bajao
where are detours,detours kaha hai,detours kaha hai
Can you remind me of my due date next week Wednesday ?,kya aap mujhe agley haftey Wednesday ko mere due date ke bare me yaad dilasakte hai ?,Kya aap muje agle hafte Wednesday ko mere due date ke baare me yaad dilasakte he ?
"When ' s the best time to go home , traffic wise",traffic wise ghar jaane ka sabse acha time kab hai,"ghar jaane ke liye sabse acha time kab hai , traffic wise hai"
How far is it from here to Tennessee,Tennessee se yaha se kitni doori hai,yaha se Tennessee kitni door hai
Change the timer to 2 minutes .,timer ko 2 minutes me badle,timer ko 2 minutes me badle
Are there any reminders for dinner next week with Mom ?,kya agle hafte sath Mom ke dinner ke liye koi reminders hai ?,kya Mom ke sath agle hafte dinner ke liye koi reminders hai ?
Does anyone have music and a show tonight,kya aaj raat koi music aur show hai,kya aaj raat koi music aur ek show hai
set gym timer,gym ki timer ko set karo,gym timer ko set kare
"what is the traffic from salisbury , nc to n . myrtle beach , sc","salisbury , nc se n . myrtle beach , sc tak ka traffic kitna he","Salisbury , nc se n . myrtle beach , sc tak traffic kaisa hai"
Are the streets already clear from snow on the main avenue,kya main avenue par streets already clear from snow,kya main avenue par barf se saaf hai
what ' s the time difference between the first racer and the last one,first racer aur last one ke beech ka time difference kya hai,first racer aur last one ke beech kitna time difference hai
Skip to the next song,agle song par jaayen,agle song par jaaen
Turn off the alarm,alarm ko band kardo,alarm band kardo
Are there any craft fairs this weekend,Kya is weekend koi craft fairs hai,kya is weekend koi craft fairs hai
"What time should I leave my mom ' s house , to make it to Michelle ' s party by 6 pm ?","Muje meri mom ke ghar se kabb nikal na chahiye , to make it to Michelle ' s party by 6 pm ?",mujhe mere mom ke ghar se kitne baje nikalna chahiye ?
What ' s the expected rainfall ?,expected rainfall kya hai ?,expected rainfall kya hai ?
Stop the timer please .,timer ko stop kare please,timer ko stop kare please
how much time does it take to get from the office to the park in overland if i take the backstreets only,agar mai backstreets hi leta hoon toh office se park tak in overland tak kitna time lagta hai,agar mai backstreets leta hoon toh mujhe overland se park tak pahuchne ke liye kitna time lagega
quiet alarm for ten minutes,das minute ke liye shant alarm,das minute ke liye alarm set kare
Message Mike and ask him if I can get laundry done tonight,Mike ko message karo aur pucho ki if I can get laundry done tonight,Mike ko message karo aur pucho ki if I can get laundry done tonight
know of any fun events,kya aap koi fun events ke bare mei sun rahe hai,koi fun events hai
how long until I reach the farm,Mai farm kab tak pahunchunga,mai farm kab tak pahuchunga
can I go see a concert in LA over the weekend,kya mai weekend ke doraan LA me ek concert dekhne ke liye jaasakta hu,kya mai weekend ke baad LA me concert dekh sakta hoon
Set exercise alarm at 3 pm,3 pm ko exercise alarm set kardo,3 pm ko exercise alarm set kare
Ocean temperature at beach,beach par Ocean temperature,beach par Ocean temperature
Can you tell me how long it should take to drive from Levittown up to Boston ?,Kya aap mujhe bata sakte hai Levittown se Boston tak drive karke jaane me kitna samay lagega ?,Kya aap mujhe bata sakte hai Levittown se Boston tak drive karke jane me kitna time lagega ?
ask Julie what time she wants picking up ?,Julie se pucho ki what time she wants picking up ?,Julie se pucho ki what time she wants picking up ?
Remind me buy dog food tomorrow,Kal mujhe dog food khareedne ke liye yaad dilaayen,mujhe kal dog food khareedne ke liye yaad dilaye
How long will it take me to get to Des Moines right now,Abhi mujhe Des Moines pahuchne mei kitni der lagegi,abhi Des Moines pahuchne mei kitni der lagegi
Update me on traffic please,Mujhe traffic par update kare please,please mujhe traffic par update kare
How do I get home from here,mai yaha se ghar kaise pahuch sakta hoon,mai yaha se ghar kaise pahuch jaunga
set an alarm for every minute for 15 minutes,15 minutes ke liye har minute ke liye alarm set kare,15 minutes ke liye har minute alarm set kare
Change the 1 . 00pm alarm to 2 . 00pm,1 . 00pm ke alarm ko 2 . 00pm me badle,1 . 00pm ke alarm ko 2 . 00 pm me badle
Is there a marathon event tomorrow,kya kal koi marathon event hai,kya kal koi marathon event hai
what time is my reminder for hair appointment today,Aaj hair appointment ke liye mera reminder kitne baje hai,Aaj hair appointment ke liye mera reminder kitne baje hai
set call the dentist alarm for 5 pm tonight,Aaj raat 5 pm ka dentist ko call karne ka alarm set kare,Aaj raat 5 pm ke liye dentist alarm set kare
Remind me 20 minutes before closing to pick up groceries .,Muje 20 minutes pehle closing ke liye groceries lene ke liye remind karaye .,mujhe 20 minutes pehle groceries lene ke liye yaad dilaye
Remind me to order pants,mujhe pants order karne ke liye yaad dilaye,mujhe pants order karne ke liye yaad dilaye
Please tell me 5 pm weather,please mujhe 5 pm ka weather batayen,Please mujhe 5 pm ka weather bataye
How long will it take me to drive to church,Mujhe church ke liye drive karne mei kitni der lagegi,mujhe church ke liye drive karke jaane me kitna samay lagega
what are the things to do in Boston next weekend,Boston me next weekend par karne ke liye cheeze,agle weekend Boston me karne ke liye cheeze
